ridge_pl,lasso_pl,elasticnet_pl,gbr,lgbr,xgbr,stack_regressor
0.1209171419130389,0.1230347455402038,0.125910581427014,0.11903116969581615,0.12451210353124323,0.12515750536645318,0.12094659683320153
